[
    {
        "id": "4055D506-91C6-42F6-9AF3-715882650837",
        "name": "Argentina",
        "alpha2code": "AR",
        "flagImageUrl": "https://manta.cs.vt.edu/iOS/flags/ar.png",
        "capital": "Buenos Aires",
        "population": 45195774,
        "area": 2780400,
        "languages": "Spanish, Guaraní",
        "currency": "Argentine peso",
        "latitude": -38.416097,
        "longitude": -63.616672,
        "delta": 33.0,
        "deltaUnit": "degrees"
    },
    {
        "id": "4983B2BE-0D24-4C94-8E32-315A8C36D8FC",
        "name": "Australia",
        "alpha2code": "AU",
        "flagImageUrl": "https://manta.cs.vt.edu/iOS/flags/au.png",
        "capital": "Canberra",
        "population": 25499884,
        "area": 7692024,
        "languages": "English",
        "currency": "Australian dollar",
        "latitude": -25.274398,
        "longitude": 133.775136,
        "delta": 38.0,
        "deltaUnit": "degrees"
    },
    {
        "id": "055DE052-6037-42D6-AA2B-0BF14DD4AA74",
        "name": "Belgium",
        "alpha2code": "BE",
        "flagImageUrl": "https://manta.cs.vt.edu/iOS/flags/be.png",
        "capital": "Brussels",
        "population": 11589623,
        "area": 30528,
        "languages": "Dutch, French, German",
        "currency": "Euro",
        "latitude": 50.503887,
        "longitude": 4.469936,
        "delta": 3.0,
        "deltaUnit": "degrees"
    },
    {
        "id": "B178759E-638F-4C05-A32D-140912385756",
        "name": "Brazil",
        "alpha2code": "BR",
        "flagImageUrl": "https://manta.cs.vt.edu/iOS/flags/br.png",
        "capital": "Brasilia",
        "population": 212559417,
        "area": 8515767,
        "languages": "Portuguese",
        "currency": "Brazilian real",
        "latitude": -14.235004,
        "longitude": -51.92528,
        "delta": 39.0,
        "deltaUnit": "degrees"
    },
    {
        "id": "B17C956D-5DC2-47F5-BC4A-5CED4CCC3A1F",
        "name": "Canada",
        "alpha2code": "CA",
        "flagImageUrl": "https://manta.cs.vt.edu/iOS/flags/ca.png",
        "capital": "Ottawa",
        "population": 37742154,
        "area": 9984670,
        "languages": "English, French",
        "currency": "Canadian dollar",
        "latitude": 56.130366,
        "longitude": -106.346771,
        "delta": 40.0,
        "deltaUnit": "degrees"
    },
    {
        "id": "89CC2E33-1C36-4B44-9F6A-DFA2A4F26534",
        "name": "China",
        "alpha2code": "CN",
        "flagImageUrl": "https://manta.cs.vt.edu/iOS/flags/cn.png",
        "capital": "Beijing",
        "population": 1439323776,
        "area": 9706961,
        "languages": "Chinese",
        "currency": "Chinese yuan",
        "latitude": 35.86166,
        "longitude": 104.195397,
        "delta": 40.0,
        "deltaUnit": "degrees"
    },
    {
        "id": "B7F1AF1D-1653-4AD4-9632-C5243CD74583",
        "name": "Egypt",
        "alpha2code": "EG",
        "flagImageUrl": "https://manta.cs.vt.edu/iOS/flags/eg.png",
        "capital": "Cairo",
        "population": 102334404,
        "area": 1002450,
        "languages": "Arabic",
        "currency": "Egyptian pound",
        "latitude": 26.820553,
        "longitude": 30.802498,
        "delta": 32.0,
        "deltaUnit": "degrees"
    },
    {
        "id": "4C6AE052-9E04-4A5F-82DC-7608F4BEB0C7",
        "name": "France",
        "alpha2code": "FR",
        "flagImageUrl": "https://manta.cs.vt.edu/iOS/flags/fr.png",
        "capital": "Paris",
        "population": 65273511,
        "area": 551695,
        "languages": "French",
        "currency": "Euro",
        "latitude": 46.227638,
        "longitude": 2.213749,
        "delta": 24.0,
        "deltaUnit": "degrees"
    },
    {
        "id": "F0D005E8-46DC-40D6-922B-2CBD29FD547F",
        "name": "Germany",
        "alpha2code": "DE",
        "flagImageUrl": "https://manta.cs.vt.edu/iOS/flags/de.png",
        "capital": "Berlin",
        "population": 83783942,
        "area": 357114,
        "languages": "German",
        "currency": "Euro",
        "latitude": 51.165691,
        "longitude": 10.451526,
        "delta": 15.0,
        "deltaUnit": "degrees"
    },
    {
        "id": "96CED975-A4A9-4CCA-B158-C9B29A063A92",
        "name": "Greece",
        "alpha2code": "GR",
        "flagImageUrl": "https://manta.cs.vt.edu/iOS/flags/gr.png",
        "capital": "Athens",
        "population": 10423054,
        "area": 131990,
        "languages": "Greek",
        "currency": "Euro",
        "latitude": 39.074208,
        "longitude": 21.824312,
        "delta": 9.0,
        "deltaUnit": "degrees"
    },
    {
        "id": "60888E99-5388-41B9-9886-2935C06A4A90",
        "name": "Hungary",
        "alpha2code": "HU",
        "flagImageUrl": "https://manta.cs.vt.edu/iOS/flags/hu.png",
        "capital": "Budapest",
        "population": 9660351,
        "area": 93028,
        "languages": "Hungarian",
        "currency": "Hungarian forint",
        "latitude": 47.162494,
        "longitude": 19.503304,
        "delta": 6.0,
        "deltaUnit": "degrees"
    },
    {
        "id": "126B9D26-6B21-4D51-84F7-C14ED00480F8",
        "name": "India",
        "alpha2code": "IN",
        "flagImageUrl": "https://manta.cs.vt.edu/iOS/flags/in.png",
        "capital": "New Delhi",
        "population": 1380004385,
        "area": 3287590,
        "languages": "Hindi, English",
        "currency": "Indian rupee",
        "latitude": 20.593684,
        "longitude": 78.96288,
        "delta": 34.0,
        "deltaUnit": "degrees"
    },
    {
        "id": "562301CA-43B5-42E3-9319-16EC7033163B",
        "name": "Ireland",
        "alpha2code": "IE",
        "flagImageUrl": "https://manta.cs.vt.edu/iOS/flags/ie.png",
        "capital": "Dublin",
        "population": 4937786,
        "area": 70273,
        "languages": "Irish, English",
        "currency": "Euro",
        "latitude": 53.41291,
        "longitude": -8.24389,
        "delta": 5.0,
        "deltaUnit": "degrees"
    },
    {
        "id": "2A9F22BB-53B3-4AB3-BAC3-1EE9047F8DA1",
        "name": "Italy",
        "alpha2code": "IT",
        "flagImageUrl": "https://manta.cs.vt.edu/iOS/flags/it.png",
        "capital": "Rome",
        "population": 60461826,
        "area": 301336,
        "languages": "Italian",
        "currency": "Euro",
        "latitude": 41.87194,
        "longitude": 12.56738,
        "delta": 15.0,
        "deltaUnit": "degrees"
    },
    {
        "id": "D9461046-5FFD-403D-975D-24792644C3A2",
        "name": "Japan",
        "alpha2code": "JP",
        "flagImageUrl": "https://manta.cs.vt.edu/iOS/flags/jp.png",
        "capital": "Tokyo",
        "population": 126476461,
        "area": 377930,
        "languages": "Japanese",
        "currency": "Japanese yen",
        "latitude": 36.204824,
        "longitude": 138.252924,
        "delta": 15.0,
        "deltaUnit": "degrees"
    },
    {
        "id": "64B4220C-CA1B-471A-91D4-AF126ADC7781",
        "name": "Kenya",
        "alpha2code": "KE",
        "flagImageUrl": "https://manta.cs.vt.edu/iOS/flags/ke.png",
        "capital": "Nairobi",
        "population": 53771296,
        "area": 580367,
        "languages": "English, Swahili",
        "currency": "Kenyan shilling",
        "latitude": -0.023559,
        "longitude": 37.906193,
        "delta": 21.0,
        "deltaUnit": "degrees"
    },
    {
        "id": "6A125BA1-9EDB-43F8-97A5-DAFC46253D46",
        "name": "Mexico",
        "alpha2code": "MX",
        "flagImageUrl": "https://manta.cs.vt.edu/iOS/flags/mx.png",
        "capital": "Mexico City",
        "population": 128932753,
        "area": 1964375,
        "languages": "Spanish",
        "currency": "Mexican peso",
        "latitude": 23.634501,
        "longitude": -102.552784,
        "delta": 32.0,
        "deltaUnit": "degrees"
    },
    {
        "id": "7A10CDE6-47D5-4647-B91C-D6A7B4701310",
        "name": "Morocco",
        "alpha2code": "MA",
        "flagImageUrl": "https://manta.cs.vt.edu/iOS/flags/ma.png",
        "capital": "Rabat",
        "population": 36910560,
        "area": 446550,
        "languages": "Arabic",
        "currency": "Moroccan dirham",
        "latitude": 31.791702,
        "longitude": -7.09262,
        "delta": 18.0,
        "deltaUnit": "degrees"
    },
    {
        "id": "F85789AF-2A7A-41E8-8F37-7C8C38726731",
        "name": "Netherlands",
        "alpha2code": "NL",
        "flagImageUrl": "https://manta.cs.vt.edu/iOS/flags/nl.png",
        "capital": "Amsterdam",
        "population": 17134872,
        "area": 41850,
        "languages": "Dutch",
        "currency": "Euro",
        "latitude": 52.132633,
        "longitude": 5.291266,
        "delta": 4.0,
        "deltaUnit": "degrees"
    },
    {
        "id": "431063E7-3703-4B21-B6C9-BF0041A481B9",
        "name": "Norway",
        "alpha2code": "NO",
        "flagImageUrl": "https://manta.cs.vt.edu/iOS/flags/no.png",
        "capital": "Oslo",
        "population": 5421241,
        "area": 323802,
        "languages": "Norwegian, Norwegian Bokmål, Norwegian Nynorsk",
        "currency": "Norwegian krone",
        "latitude": 60.472024,
        "longitude": 8.468946,
        "delta": 15.0,
        "deltaUnit": "degrees"
    },
    {
        "id": "E01E1E3B-2C58-4934-99F0-9D1DEE8A60A5",
        "name": "South Africa",
        "alpha2code": "ZA",
        "flagImageUrl": "https://manta.cs.vt.edu/iOS/flags/za.png",
        "capital": "Pretoria",
        "population": 59308690,
        "area": 1221037,
        "languages": "Afrikaans, English, Southern Ndebele, Southern Sotho, Swati, Tswana, Tsonga, Venda, Xhosa, Zulu",
        "currency": "South African rand",
        "latitude": -30.559482,
        "longitude": 22.937506,
        "delta": 32.0,
        "deltaUnit": "degrees"
    },
    {
        "id": "1959763E-01E9-4EC4-AE79-2F774A7B47FF",
        "name": "Spain",
        "alpha2code": "ES",
        "flagImageUrl": "https://manta.cs.vt.edu/iOS/flags/es.png",
        "capital": "Madrid",
        "population": 46754778,
        "area": 505992,
        "languages": "Spanish",
        "currency": "Euro",
        "latitude": 40.463667,
        "longitude": -3.74922,
        "delta": 21.0,
        "deltaUnit": "degrees"
    },
    {
        "id": "5313684A-FC69-402E-965F-47B63B28A0C6",
        "name": "Sweden",
        "alpha2code": "SE",
        "flagImageUrl": "https://manta.cs.vt.edu/iOS/flags/se.png",
        "capital": "Stockholm",
        "population": 10099265,
        "area": 450295,
        "languages": "Swedish",
        "currency": "Swedish krona",
        "latitude": 60.128161,
        "longitude": 18.643501,
        "delta": 18.0,
        "deltaUnit": "degrees"
    },
    {
        "id": "5200FD42-978F-4906-893E-AE3162CC4DAA",
        "name": "Turkey",
        "alpha2code": "TR",
        "flagImageUrl": "https://manta.cs.vt.edu/iOS/flags/tr.png",
        "capital": "Ankara",
        "population": 84339067,
        "area": 783562,
        "languages": "Turkish",
        "currency": "Turkish lira",
        "latitude": 38.963745,
        "longitude": 35.243322,
        "delta": 27.0,
        "deltaUnit": "degrees"
    },
    {
        "id": "5DE1108F-845D-4CC8-8385-D0C472D41DE8",
        "name": "United Kingdom of Great Britain and Northern Ireland",
        "alpha2code": "GB",
        "flagImageUrl": "https://manta.cs.vt.edu/iOS/flags/gb.png",
        "capital": "London",
        "population": 67886011,
        "area": 242900,
        "languages": "English",
        "currency": "British pound",
        "latitude": 55.378051,
        "longitude": -3.435973,
        "delta": 12.0,
        "deltaUnit": "degrees"
    },
    {
        "id": "D6D27088-4A8D-4662-9CC6-139147457BFB",
        "name": "United States of America",
        "alpha2code": "US",
        "flagImageUrl": "https://manta.cs.vt.edu/iOS/flags/us.png",
        "capital": "Washington, DC",
        "population": 331002651,
        "area": 9372610,
        "languages": "English",
        "currency": "United States dollar",
        "latitude": 37.09024,
        "longitude": -95.712891,
        "delta": 40.0,
        "deltaUnit": "degrees"
    }
]
