[
    {
        "firstName": "Jennifer",
        "lastName": "Lawrence",
        "photoFullFilename": "JenniferLawrence.jpg",
        "company": "Jennifer Lawrence Foundation",
        "phone": "(674) 465-9834",
        "email": "JenniferLawrence@gmail.com",
        "url": "https://www.imdb.com/name/nm2225369/",
        "notes": "Was the highest-paid actress in the world in 2015 and 2016. With her films grossing over $5.5 billion worldwide, Jennifer Lawrence is often cited as the most successful actor of her generation. She is also thus far the only person born in the 1990s to have won an acting Oscar.",
        "addressLine1": "4350 Brownsboro Road",
        "addressLine2": "Suite 110",
        "addressCity": "Louisville",
        "addressState": "KY",
        "addressZipcode": "40207-1681",
        "addressCountry": "USA"
    },
    {
        "firstName": "Morgan",
        "lastName": "Freeman",
        "photoFullFilename": "MorganFreeman.jpg",
        "company": "Tallahatchie River Foundation, Inc.",
        "phone": "(310) 286-7474",
        "email": "MorganFreeman@gmail.com",
        "url": "https://www.imdb.com/name/nm0000151/",
        "notes": "With an authoritative voice and calm demeanor, this ever popular American actor has grown into one of the most respected figures in modern US cinema. Morgan was born on June 1, 1937 in Memphis, Tennessee, to Mayme Edna (Revere), a teacher, and Morgan Porterfield Freeman, a barber.",
        "addressLine1": "3771 Ms Highway 35 N",
        "addressLine2": "",
        "addressCity": "Charleston",
        "addressState": "MS",
        "addressZipcode": "38921-9231",
        "addressCountry": "USA"
    },
    {
        "firstName": "Scarlett",
        "lastName": "Johansson",
        "photoFullFilename": "ScarlettJohansson.jpg",
        "company": "Bailey Brand Management, Inc.",
        "phone": "(310) 899-0200",
        "email": "ScarlettJohansson@gmail.com",
        "url": "https://www.imdb.com/name/nm0424060/",
        "notes": "Scarlett Johansson was born in New York City. Her mother, Melanie Sloan, is from a Jewish family from the Bronx, and her father, Karsten Johansson, is a Danish-born architect, from Copenhagen.",
        "addressLine1": "111 Eucalyptus Drive",
        "addressLine2": "",
        "addressCity": "El Segundo",
        "addressState": "CA",
        "addressZipcode": "90245",
        "addressCountry": "USA"
    },
    {
        "firstName": "Leonardo",
        "lastName": "DiCaprio",
        "photoFullFilename": "LeonardoDiCaprio.jpg",
        "company": "LBI Entertainment",
        "phone": "(310) 775-8600",
        "email": "LeonardoDiCaprio@gmail.com",
        "url": "https://www.imdb.com/name/nm0000138/",
        "notes": "Few actors in the world have had a career quite as diverse as Leonardo DiCaprio's. DiCaprio has gone from relatively humble beginnings, as a supporting cast member of the sitcom Growing Pains (1985) and low budget horror movies, such as Critters 3 (1991), to a major teenage heartthrob in the 1990s, as the hunky lead actor in movies such as Romeo + Juliet (1996) and Titanic (1997), to then become a leading man in Hollywood blockbusters.",
        "addressLine1": "2000 Avenue Of The Stars",
        "addressLine2": "3rd Floor",
        "addressCity": "Century City",
        "addressState": "CA",
        "addressZipcode": "90067",
        "addressCountry": "USA"
    },
    {
        "firstName": "Jessica",
        "lastName": "Chastain",
        "photoFullFilename": "JessicaChastain.jpg",
        "company": "Mosaic",
        "phone": "(310) 777-2185",
        "email": "JessicaChastain@gmail.com",
        "url": "https://www.imdb.com/name/nm1567113/",
        "notes": "Jessica Michelle Chastain was born in Sacramento, California, and was raised in a middle-class household in a Northern California suburb. Her mother, Jerri Chastain, is a vegan chef whose family is originally from Kansas, and her stepfather is a fireman. She discovered dance at the age of nine and was in a dance troupe by age thirteen. She began performing in Shakespearean productions all over the Bay area.",
        "addressLine1": "407 N Maple Dr",
        "addressLine2": "Suite 100",
        "addressCity": "Beverly Hills",
        "addressState": "CA",
        "addressZipcode": "90210-3818",
        "addressCountry": "USA"
    },
    {
        "firstName": "Daniel",
        "lastName": "Craig",
        "photoFullFilename": "DanielCraig.jpg",
        "company": "Independent Talent Group Ltd.",
        "phone": "+44(0)20 7636-6565",
        "email": "DanielCraig@gmail.com",
        "url": "https://www.imdb.com/name/nm0185819/",
        "notes": "One of the British theatre's most famous faces, Daniel Craig, who waited tables as a struggling teenage actor with the National Youth Theatre, has gone on to star as James Bond in Casino Royale (2006), Quantum of Solace (2008), Skyfall (2012), Spectre (2015), and No Time to Die (2021).",
        "addressLine1": "40 Whitfield Street",
        "addressLine2": "",
        "addressCity": "London",
        "addressState": "",
        "addressZipcode": "W1T 2RH",
        "addressCountry": "UK"
    },
    {
        "firstName": "Amanda",
        "lastName": "Seyfried",
        "photoFullFilename": "AmandaSeyfried.jpg",
        "company": "Innovative Artists",
        "phone": "(310) 656-0400",
        "email": "AmandaSeyfried@gmail.com",
        "url": "https://www.imdb.com/name/nm1086543/",
        "notes": "Amanda Seyfried was born and raised in Allentown, Pennsylvania, to Ann (Sander), an occupational therapist, and Jack Seyfried, a pharmacist. She is of German, and some English and Scottish, ancestry. She began modeling when she was eleven, and acted in high school productions as well as taking singing lessons.",
        "addressLine1": "1505 10th Street",
        "addressLine2": "",
        "addressCity": "Santa Monica",
        "addressState": "CA",
        "addressZipcode": "90401-2805",
        "addressCountry": "USA"
    },
    {
        "firstName": "Denzel",
        "lastName": "Washington",
        "photoFullFilename": "DenzelWashington.jpg",
        "company": "William Morris Endeavor Entertainment",
        "phone": "(310) 285-9000",
        "email": "DenzelWashington@gmail.com",
        "url": "https://www.imdb.com/name/nm0000243/",
        "notes": "Denzel Hayes Washington, Jr. was born on December 28, 1954 in Mount Vernon, New York. He is the middle of three children of a beautician mother, Lennis, from Georgia, and a Pentecostal minister father, Denzel Washington, Sr., from Virginia. After graduating from high school, Denzel enrolled at Fordham University, intent on a career in journalism. However, he caught the acting bug while appearing in student drama productions and, upon graduation, he moved to San Francisco and enrolled at the American Conservatory Theater.",
        "addressLine1": "9601 Wilshire Blvd.",
        "addressLine2": "3rd Floor",
        "addressCity": "Beverly Hills",
        "addressState": "CA",
        "addressZipcode": "90210-5213",
        "addressCountry": "USA"
    },
    {
        "firstName": "Emily",
        "lastName": "Blunt",
        "photoFullFilename": "EmilyBlunt.jpg",
        "company": "The Artists Partnership",
        "phone": "+44(0)20 7439 1456",
        "email": "EmilyBlunt@gmail.com",
        "url": "https://www.imdb.com/name/nm1289434/",
        "notes": "Emily Olivia Leah Blunt is a British actress known for her roles in The Devil Wears Prada (2006), The Young Victoria (2009), Edge of Tomorrow (2014), and The Girl on the Train (2016), among many others. Blunt was born on February 23, 1983, in Roehampton, South West London, England, the second of four children in the family of Joanna Mackie, a former actress and teacher, and Oliver Simon Peter Blunt, a barrister.",
        "addressLine1": "21-22 Warwick Street",
        "addressLine2": "Soho",
        "addressCity": "London",
        "addressState": "",
        "addressZipcode": "W1B 5NE",
        "addressCountry": "UK"
    },
    {
        "firstName": "Chris",
        "lastName": "Hemsworth",
        "photoFullFilename": "ChrisHemsworth.jpg",
        "company": "Mark Morrissey and Associates",
        "phone": "+61 2 9663 0100",
        "email": "ChrisHemsworth@gmail.com",
        "url": "https://www.imdb.com/name/nm1165110/",
        "notes": "Chris Hemsworth was born in Melbourne, Australia, to Leonie (van Os), a teacher of English, and Craig Hemsworth, a social-services counselor. His brothers are actors Liam Hemsworth and Luke Hemsworth. He is of Dutch (from his immigrant maternal grandfather), Irish, English, Scottish, and German ancestry.",
        "addressLine1": "16 Princess Avenue",
        "addressLine2": "",
        "addressCity": "Rosebery",
        "addressState": "",
        "addressZipcode": "NSW 2018",
        "addressCountry": "Australia"
    },
    {
        "firstName": "Angelina",
        "lastName": "Jolie",
        "photoFullFilename": "AngelinaJolie.jpg",
        "company": "Studio Fan Mail Service",
        "phone": "(310) 273-6700",
        "email": "AngelinaJolie@gmail.com",
        "url": "https://www.imdb.com/name/nm0001401/",
        "notes": "Angelina Jolie is an Academy Award-winning actress who rose to fame after her role in Girl, Interrupted (1999), playing the title role in the Lara Croft blockbuster movies, as well as Mr. & Mrs. Smith (2005), Wanted (2008), Salt (2010) and Maleficent (2014). Off-screen, Jolie has become prominently involved in international charity projects, especially those involving refugees. She often appears on many 'most beautiful women' lists, and she has a personal life that is avidly covered by the tabloid press.",
        "addressLine1": "1048 Irvine Avenue",
        "addressLine2": "Suite 624",
        "addressCity": "Newport Beach",
        "addressState": "CA",
        "addressZipcode": "92660",
        "addressCountry": "USA"
    },
    {
        "firstName": "Will",
        "lastName": "Smith",
        "photoFullFilename": "WillSmith.jpg",
        "company": "Overbrook Entertainment, Inc.",
        "phone": "(310) 432-2400",
        "email": "WillSmith@gmail.com",
        "url": "https://www.imdb.com/name/nm0000226/",
        "notes": "Willard Carroll 'Will' Smith, Jr. (born September 25, 1968) is an American actor, comedian, producer, rapper, and songwriter. He has enjoyed success in television, film, and music. In April 2007, Newsweek called him 'the most powerful actor in Hollywood'. Smith has been nominated for five Golden Globe Awards, two Academy Awards, and has won four Grammy Awards.",
        "addressLine1": "1880 Century Park East",
        "addressLine2": "Suite 1600",
        "addressCity": "Los Angeles",
        "addressState": "CA",
        "addressZipcode": "90067",
        "addressCountry": "USA"
    },
    {
        "firstName": "Jennifer",
        "lastName": "Aniston",
        "photoFullFilename": "JenniferAniston.jpg",
        "company": "Slate PR",
        "phone": "(323) 461-0100",
        "email": "JenniferAniston@gmail.com",
        "url": "https://www.imdb.com/name/nm0000098/",
        "notes": "Jennifer Aniston was born in Sherman Oaks, California, to actors John Aniston and Nancy Dow. Her father is Greek, and her mother was of English, Irish, Scottish, and Italian descent. Jennifer spent a year of her childhood living in Greece with her family. Her family then relocated to New York City where her parents divorced when she was nine.",
        "addressLine1": "901 N Highland Avenue",
        "addressLine2": "Suite 915",
        "addressCity": "Los Angeles",
        "addressState": "CA",
        "addressZipcode": "90038-2412",
        "addressCountry": "USA"
    },
    {
        "firstName": "Brad",
        "lastName": "Pitt",
        "photoFullFilename": "BradPitt.jpg",
        "company": "Brillstein Entertainment Partners",
        "phone": "(310) 275-6135",
        "email": "BradPitt@gmail.com",
        "url": "https://www.imdb.com/name/nm0000093/",
        "notes": "An actor and producer known as much for his versatility as he is for his handsome face, Golden Globe-winner Brad Pitt's most widely recognized role may be Tyler Durden in Fight Club (1999). However, his portrayals of Billy Beane in Moneyball (2011), and Rusty Ryan in the remake of Ocean's Eleven (2001) and its sequels, also loom large in his filmography.",
        "addressLine1": "9150 Wilshire Blvd.",
        "addressLine2": "Suite 350",
        "addressCity": "Beverly Hills",
        "addressState": "CA",
        "addressZipcode": "90212",
        "addressCountry": "USA"
    },
    {
        "firstName": "Emma",
        "lastName": "Stone",
        "photoFullFilename": "EmmaStone.jpg",
        "company": "Talent Management Company",
        "phone": "(310) 558-3667",
        "email": "EmmaStone@gmail.com",
        "url": "https://www.imdb.com/name/nm1297015/",
        "notes": "Emily Jean 'Emma' Stone was born in Scottsdale, Arizona, to Krista (Yeager), a homemaker, and Jeffrey Charles Stone, a contracting company founder and CEO. She is of Swedish, German, and British Isles descent. Stone began acting as a child as a member of the Valley Youth Theatre in Phoenix, Arizona. She appeared in many more productions through her early teens until, at the age of fifteen, she decided that she wanted to make acting her career.",
        "addressLine1": "3532 Hayden Avenue",
        "addressLine2": "",
        "addressCity": "Culver City",
        "addressState": "CA",
        "addressZipcode": "90232",
        "addressCountry": "USA"
    },
    {
        "firstName": "Bradley",
        "lastName": "Cooper",
        "photoFullFilename": "BradleyCooper.jpg",
        "company": "Public Relations Agency",
        "phone": "(310) 651-5232",
        "email": "BradleyCooper@gmail.com",
        "url": "https://www.imdb.com/name/nm0177896/",
        "notes": "Bradley Charles Cooper was born on January 5, 1975 in Philadelphia, Pennsylvania. His mother, Gloria (Campano), is of Italian descent, and worked for a local NBC station. His father, Charles John Cooper, who was of Irish descent, was a stockbroker. Immediately after Bradley graduated from the Honors English program at Georgetown University in 1997, he moved to New York City to enroll in the Masters of Fine Arts program at the Actors Studio Drama School at New School University. There, he developed his stage work, culminating with his thesis performance as John Merrick in Bernard Pomerance's 'The Elephant Man', performed in New York's Circle in the Square.",
        "addressLine1": "400 South Beverly Drive",
        "addressLine2": "Suite 220",
        "addressCity": "Beverly Hills",
        "addressState": "CA",
        "addressZipcode": "90212",
        "addressCountry": "USA"
    },
    {
        "firstName": "Anna",
        "lastName": "Kendrick",
        "photoFullFilename": "AnnaKendrick.jpg",
        "company": "Simon & Schuster",
        "phone": "(212) 698-7541",
        "email": "AnnaKendrick@gmail.com",
        "url": "https://www.imdb.com/name/nm0447695/",
        "notes": "Anna Kendrick was born in Portland, Maine, to Janice (Cooke), an accountant, and William Kendrick, a teacher. She has an older brother, Michael Cooke Kendrick, who has also acted. She is of English, Irish, and Scottish descent. For her role as Dinah in High Society on Broadway, Anna Kendrick was nominated for a Tony Award (second youngest ever), a Drama Desk Award, and a Fany Award (best actress featured in a musical). Her spectacular performance landed her the Drama League and Theatre World Award.",
        "addressLine1": "1230 Avenue of the Americas",
        "addressLine2": "",
        "addressCity": "New York",
        "addressState": "NY",
        "addressZipcode": "10020",
        "addressCountry": "USA"
    },
    {
        "firstName": "Tom",
        "lastName": "Cruise",
        "photoFullFilename": "TomCruise.jpg",
        "company": "Public Relations Agency",
        "phone": "(212) 277-7555",
        "email": "TomCruise@gmail.com",
        "url": "https://www.imdb.com/name/nm0000129/",
        "notes": "In 1976, if you had told fourteen-year-old Franciscan seminary student Thomas Cruise Mapother IV that one day in the not too distant future he would be Tom Cruise, one of the top 100 movie stars of all time, he would have probably grinned and told you that his ambition was to join the priesthood. Nonetheless, this sensitive, deeply religious youngster who was born in 1962 in Syracuse, New York, was destined to become one of the highest paid and most sought after actors in screen history.",
        "addressLine1": "600 3rd Avenue",
        "addressLine2": "23rd Floor",
        "addressCity": "New York",
        "addressState": "NY",
        "addressZipcode": "10016",
        "addressCountry": "USA"
    },
    {
        "firstName": "Gemma",
        "lastName": "Arterton",
        "photoFullFilename": "GemmaArterton.jpg",
        "company": "Independent Talent Group Ltd.",
        "phone": "+44(0)20 7636-6565",
        "email": "GemmaArterton@gmail.com",
        "url": "https://www.imdb.com/name/nm2605345/",
        "notes": "Gemma Christina Arterton was born in Gravesend, Kent, England, where she was raised. She is the daughter of Sally-Anne (Heap), a cleaner, and Barry J. Arterton, a welder. Her mother's cousin is singer-songwriter Eric Goulden. Her parents divorced when she was age five, and Gemma subsequently lived with her younger sister and her mother.",
        "addressLine1": "40 Whitfield Street",
        "addressLine2": "",
        "addressCity": "London",
        "addressState": "",
        "addressZipcode": "W1T 2RH",
        "addressCountry": "UK"
    },
    {
        "firstName": "Johnny",
        "lastName": "Depp",
        "photoFullFilename": "JohnnyDepp.jpg",
        "company": "The Spanky Taylor Company",
        "phone": "(323) 461-0100",
        "email": "JohnnyDepp@gmail.com",
        "url": "https://www.imdb.com/name/nm0000136/",
        "notes": "Johnny Depp is perhaps one of the most versatile actors of his day and age in Hollywood. He was born John Christopher Depp II in Owensboro, Kentucky, on June 9, 1963, to Betty Sue (Wells), who worked as a waitress, and John Christopher Depp, a civil engineer. Depp was raised in Florida.",
        "addressLine1": "916 West Burbank Blvd.",
        "addressLine2": "Suite 206C",
        "addressCity": "Burbank",
        "addressState": "CA",
        "addressZipcode": "91506",
        "addressCountry": "USA"
    },
    {
        "firstName": "Sandra",
        "lastName": "Bullock",
        "photoFullFilename": "SandraBullock.jpg",
        "company": "Fortis Films, Inc.",
        "phone": "(310) 659-4533",
        "email": "SandraBullock@gmail.com",
        "url": "https://www.imdb.com/name/nm0000113/",
        "notes": "Sandra Annette Bullock was born in Arlington, a Virginia suburb of Washington, D.C. Her mother, Helga Bullock (née Helga Mathilde Meyer), was a German opera singer. Her father, John W. Bullock, was an American voice teacher, who was born in Alabama, of German descent. Sandra grew up on the road with her parents and younger sister, chef Gesine Bullock-Prado, and spent much of her childhood in Nuremberg, Germany.",
        "addressLine1": "8581 Santa Monica Blvd.",
        "addressLine2": "Suite 1",
        "addressCity": "West Hollywood",
        "addressState": "CA",
        "addressZipcode": "90069",
        "addressCountry": "USA"
    },
    {
        "firstName": "Christian",
        "lastName": "Bale",
        "photoFullFilename": "ChristianBale.jpg",
        "company": "Viewpoint, Inc.",
        "phone": "(310) 388-3333",
        "email": "ChristianBale@gmail.com",
        "url": "https://www.imdb.com/name/nm0000288/",
        "notes": "Christian Charles Philip Bale was born in Pembrokeshire, Wales, UK on January 30, 1974, to English parents Jennifer 'Jenny' (James) and David Bale. His mother was a circus performer and his father, who was born in South Africa, was a commercial pilot. The family lived in different countries throughout Bale's childhood, including England, Portugal, and the United States. Bale acknowledges the constant change was one of the influences on his career choice.",
        "addressLine1": "8820 Wilshire Blvd.",
        "addressLine2": "Suite 220",
        "addressCity": "Beverly Hills",
        "addressState": "CA",
        "addressZipcode": "90211-2618",
        "addressCountry": "USA"
    },
    {
        "firstName": "Robert",
        "lastName": "Downey Jr.",
        "photoFullFilename": "RobertDowneyJr.jpg",
        "company": "Team Downey",
        "phone": "(310) 483-8729",
        "email": "RobertDowneyJr@gmail.com",
        "url": "https://www.imdb.com/name/nm0000375/",
        "notes": "Robert Downey Jr. has evolved into one of the most respected actors in Hollywood. With an amazing list of credits to his name, he has managed to stay new and fresh even after over four decades in the business. Downey was born April 4, 1965 in Manhattan, New York, the son of writer, director and filmographer Robert Downey Sr. and actress Elsie Downey (née Elsie Ann Ford).",
        "addressLine1": "916 West Burbank Blvd.",
        "addressLine2": "Suite 206C",
        "addressCity": "Burbank",
        "addressState": "CA",
        "addressZipcode": "91506",
        "addressCountry": "USA"
    },
    {
        "firstName": "Ryan",
        "lastName": "Gosling",
        "photoFullFilename": "RyanGosling.jpg",
        "company": "Public Relations Agency",
        "phone": "(323) 461-0100",
        "email": "RyanGosling@gmail.com",
        "url": "https://www.imdb.com/name/nm0331516/",
        "notes": "Canadian actor Ryan Gosling is the first person born in the 1980s to have been nominated for the Best Actor Oscar (for Half Nelson (2006)). He was born Ryan Thomas Gosling on November 12, 1980, in London, Ontario, Canada. He is the son of Donna (Wilson), a secretary, and Thomas Ray Gosling, a traveling salesman.",
        "addressLine1": "901 N Highland Avenue",
        "addressLine2": "Suite 915",
        "addressCity": "Los Angeles",
        "addressState": "CA",
        "addressZipcode": "90038-2412",
        "addressCountry": "USA"
    }
]
